OID_,STATEFP,COUNTYFP,COUNTYNS,GEOID,NAME,NAMELSAD,LSAD,CLASSFP,MTFCC,CSAFP,CBSAFP,METDIVFP,FUNCSTAT,ALAND,AWATER,INTPTLAT,INTPTLON
1291,37,075,01008555,37075,Graham,Graham County,06,H1,G4020, , , ,A,756189029.000000000000000,25057776.000000000000000,+35.3483644,-083.8309147
1844,37,039,01008545,37039,Cherokee,Cherokee County,06,H1,G4020, , , ,A,1179845613.000000000000000,28813485.000000000000000,+35.1371499,-084.0614491
3155,37,043,01008546,37043,Clay,Clay County,06,H1,G4020, , , ,A,556804503.000000000000000,15017755.000000000000000,+35.0529971,-083.7522638
